[
{
    "model": "produits.categorie",
    "pk": 1,
    "fields": {
        "nom": "Patisserie",
        "description": "",
        "image": "javanais.jpg",
        "ordre_tri": 50
    }
},
{
    "model": "produits.categorie",
    "pk": 2,
    "fields": {
        "nom": "Sandwich",
        "description": "",
        "image": "sandwich.jpg",
        "ordre_tri": 1
    }
},
{
    "model": "produits.categorie",
    "pk": 3,
    "fields": {
        "nom": "Pain",
        "description": "",
        "image": "Pain_\u00e0_lancienne.jpg",
        "ordre_tri": 10
    }
},
{
    "model": "produits.categorie",
    "pk": 4,
    "fields": {
        "nom": "Pain sp\u00e9ciaux",
        "description": "",
        "image": "prokorn.jpg",
        "ordre_tri": 20
    }
},
{
    "model": "produits.categorie",
    "pk": 5,
    "fields": {
        "nom": "Fine boulangerie",
        "description": "",
        "image": "pistolet-sole_.jpg",
        "ordre_tri": 30
    }
},
{
    "model": "produits.categorie",
    "pk": 6,
    "fields": {
        "nom": "Viennoiserie",
        "description": "",
        "image": "croissant_.jpg",
        "ordre_tri": 40
    }
},
{
    "model": "produits.categorie",
    "pk": 7,
    "fields": {
        "nom": "Tarte",
        "description": "",
        "image": "passe_trei.jpg",
        "ordre_tri": 60
    }
},
{
    "model": "produits.produit",
    "pk": 3,
    "fields": {
        "nom": "Carre blanc",
        "prix": "1.60",
        "categorie": 3,
        "special": false,
        "en_vente": true,
        "description": "",
        "ordre_tri": 10,
        "image": "carre_blanc.jpeg"
    }
},
{
    "model": "produits.produit",
    "pk": 4,
    "fields": {
        "nom": "Carre gris",
        "prix": "1.60",
        "categorie": 3,
        "special": false,
        "en_vente": true,
        "description": "",
        "ordre_tri": 20,
        "image": "pain_gris.jpg"
    }
},
{
    "model": "produits.produit",
    "pk": 5,
    "fields": {
        "nom": "Campagne",
        "prix": "1.60",
        "categorie": 3,
        "special": false,
        "en_vente": true,
        "description": "",
        "ordre_tri": 30,
        "image": "campagne.jpg"
    }
},
{
    "model": "produits.produit",
    "pk": 6,
    "fields": {
        "nom": "Galette",
        "prix": "1.60",
        "categorie": 3,
        "special": false,
        "en_vente": true,
        "description": "",
        "ordre_tri": 40,
        "image": ""
    }
},
{
    "model": "produits.produit",
    "pk": 7,
    "fields": {
        "nom": "Boulot",
        "prix": "1.60",
        "categorie": 3,
        "special": false,
        "en_vente": true,
        "description": "",
        "ordre_tri": 50,
        "image": ""
    }
},
{
    "model": "produits.produit",
    "pk": 8,
    "fields": {
        "nom": "Maredsous",
        "prix": "1.60",
        "categorie": 3,
        "special": false,
        "en_vente": true,
        "description": "",
        "ordre_tri": 60,
        "image": ""
    }
},
{
    "model": "produits.produit",
    "pk": 9,
    "fields": {
        "nom": "Froment",
        "prix": "1.60",
        "categorie": 3,
        "special": false,
        "en_vente": true,
        "description": "",
        "ordre_tri": 70,
        "image": ""
    }
},
{
    "model": "produits.produit",
    "pk": 10,
    "fields": {
        "nom": "Tigre",
        "prix": "1.60",
        "categorie": 3,
        "special": false,
        "en_vente": true,
        "description": "",
        "ordre_tri": 80,
        "image": "tigre.jpg"
    }
},
{
    "model": "produits.produit",
    "pk": 11,
    "fields": {
        "nom": "Epautre",
        "prix": "2.25",
        "categorie": 3,
        "special": false,
        "en_vente": true,
        "description": "",
        "ordre_tri": 80,
        "image": ""
    }
},
{
    "model": "produits.produit",
    "pk": 12,
    "fields": {
        "nom": "Prokorn",
        "prix": "2.50",
        "categorie": 4,
        "special": false,
        "en_vente": true,
        "description": "",
        "ordre_tri": 10,
        "image": "prokorn_EPtpviq.jpg"
    }
},
{
    "model": "produits.produit",
    "pk": 13,
    "fields": {
        "nom": "Country",
        "prix": "2.50",
        "categorie": 4,
        "special": false,
        "en_vente": true,
        "description": "",
        "ordre_tri": 10,
        "image": "Country-walkorn.jpg"
    }
},
{
    "model": "produits.produit",
    "pk": 14,
    "fields": {
        "nom": "Waldcorn",
        "prix": "2.50",
        "categorie": 4,
        "special": false,
        "en_vente": true,
        "description": "",
        "ordre_tri": 10,
        "image": "Country-walkorn_gw5SVyP.jpg"
    }
},
{
    "model": "produits.produit",
    "pk": 15,
    "fields": {
        "nom": "A l\u2019ancienne",
        "prix": "1.60",
        "categorie": 4,
        "special": false,
        "en_vente": true,
        "description": "",
        "ordre_tri": 40,
        "image": "Pain_\u00e0_lancienne_UUWshPt.jpg"
    }
},
{
    "model": "produits.produit",
    "pk": 16,
    "fields": {
        "nom": "Multic\u00e9r\u00e9ales",
        "prix": "2.25",
        "categorie": 4,
        "special": false,
        "en_vente": true,
        "description": "",
        "ordre_tri": 50,
        "image": "Multic\u00e9r\u00e9ales.jpg"
    }
},
{
    "model": "produits.produit",
    "pk": 17,
    "fields": {
        "nom": "Vita plus",
        "prix": "2.50",
        "categorie": 4,
        "special": false,
        "en_vente": true,
        "description": "",
        "ordre_tri": 60,
        "image": "Pain_vitaplus.jpg"
    }
},
{
    "model": "produits.produit",
    "pk": 18,
    "fields": {
        "nom": "Pistolet sole",
        "prix": "0.40",
        "categorie": 5,
        "special": false,
        "en_vente": true,
        "description": "",
        "ordre_tri": 10,
        "image": "pistolet-sole__21KtFY6.jpg"
    }
},
{
    "model": "produits.produit",
    "pk": 19,
    "fields": {
        "nom": "Pistolet \u00e0 l\u2019ancienne",
        "prix": "0.40",
        "categorie": 5,
        "special": false,
        "en_vente": true,
        "description": "",
        "ordre_tri": 20,
        "image": "Pistoler_\u00e0_lancienne.jpg"
    }
},
{
    "model": "produits.produit",
    "pk": 20,
    "fields": {
        "nom": "Pistolet tigre",
        "prix": "0.40",
        "categorie": 5,
        "special": false,
        "en_vente": true,
        "description": "",
        "ordre_tri": 30,
        "image": "Pistolet_tigre_.jpg"
    }
},
{
    "model": "produits.produit",
    "pk": 21,
    "fields": {
        "nom": "Pistolet fermier",
        "prix": "0.40",
        "categorie": 5,
        "special": false,
        "en_vente": true,
        "description": "",
        "ordre_tri": 40,
        "image": ""
    }
},
{
    "model": "produits.produit",
    "pk": 22,
    "fields": {
        "nom": "Pistolet gris",
        "prix": "0.40",
        "categorie": 5,
        "special": false,
        "en_vente": true,
        "description": "",
        "ordre_tri": 50,
        "image": "Piccolo_gris.jpg"
    }
},
{
    "model": "produits.produit",
    "pk": 23,
    "fields": {
        "nom": "Pistolet s\u00e9same",
        "prix": "0.40",
        "categorie": 5,
        "special": false,
        "en_vente": true,
        "description": "",
        "ordre_tri": 60,
        "image": "Pistolet_s\u00e9same.jpg"
    }
},
{
    "model": "produits.produit",
    "pk": 24,
    "fields": {
        "nom": "Pistolet pavot",
        "prix": "0.40",
        "categorie": 5,
        "special": false,
        "en_vente": true,
        "description": "",
        "ordre_tri": 70,
        "image": "Pistolet_pavot.jpg"
    }
},
{
    "model": "produits.produit",
    "pk": 25,
    "fields": {
        "nom": "Piccolo",
        "prix": "0.50",
        "categorie": 5,
        "special": false,
        "en_vente": true,
        "description": "",
        "ordre_tri": 80,
        "image": "Piccolo_blanc.jpg"
    }
},
{
    "model": "produits.produit",
    "pk": 26,
    "fields": {
        "nom": "Piccolo gris",
        "prix": "0.50",
        "categorie": 5,
        "special": false,
        "en_vente": true,
        "description": "",
        "ordre_tri": 90,
        "image": "Piccolo_gris_HZJWBt6.jpg"
    }
},
{
    "model": "produits.produit",
    "pk": 27,
    "fields": {
        "nom": "Sandwich",
        "prix": "0.35",
        "categorie": 5,
        "special": false,
        "en_vente": true,
        "description": "",
        "ordre_tri": 100,
        "image": "sandwich_Xyv4h1P.jpg"
    }
},
{
    "model": "produits.produit",
    "pk": 28,
    "fields": {
        "nom": "Bille blanc",
        "prix": "0.30",
        "categorie": 5,
        "special": false,
        "en_vente": true,
        "description": "",
        "ordre_tri": 110,
        "image": ""
    }
},
{
    "model": "produits.produit",
    "pk": 29,
    "fields": {
        "nom": "Bille gris",
        "prix": "0.30",
        "categorie": 5,
        "special": false,
        "en_vente": true,
        "description": "",
        "ordre_tri": 120,
        "image": ""
    }
},
{
    "model": "produits.produit",
    "pk": 30,
    "fields": {
        "nom": "Bille s\u00e9same",
        "prix": "-0.30",
        "categorie": 5,
        "special": false,
        "en_vente": true,
        "description": "",
        "ordre_tri": 130,
        "image": ""
    }
},
{
    "model": "produits.produit",
    "pk": 31,
    "fields": {
        "nom": "Bille pavot",
        "prix": "0.30",
        "categorie": 5,
        "special": false,
        "en_vente": true,
        "description": "",
        "ordre_tri": 140,
        "image": ""
    }
},
{
    "model": "produits.produit",
    "pk": 32,
    "fields": {
        "nom": "Pain au chocolat",
        "prix": "1.00",
        "categorie": 6,
        "special": false,
        "en_vente": true,
        "description": "",
        "ordre_tri": 10,
        "image": "pain_choco.jpg"
    }
},
{
    "model": "produits.produit",
    "pk": 33,
    "fields": {
        "nom": "Pain au chocolat nap\u00e9",
        "prix": "1.10",
        "categorie": 6,
        "special": false,
        "en_vente": true,
        "description": "",
        "ordre_tri": 20,
        "image": "Pain_choco_nap\u00e9.jpg"
    }
},
{
    "model": "produits.produit",
    "pk": 34,
    "fields": {
        "nom": "Pain au chocolat cote d'or",
        "prix": "1.50",
        "categorie": 6,
        "special": false,
        "en_vente": true,
        "description": "",
        "ordre_tri": 30,
        "image": ""
    }
},
{
    "model": "produits.produit",
    "pk": 35,
    "fields": {
        "nom": "Pain choco nutella",
        "prix": "1.50",
        "categorie": 6,
        "special": false,
        "en_vente": true,
        "description": "",
        "ordre_tri": 40,
        "image": "pain_choco_mcayfuT.jpg"
    }
},
{
    "model": "produits.produit",
    "pk": 36,
    "fields": {
        "nom": "Croissant",
        "prix": "1.00",
        "categorie": 6,
        "special": false,
        "en_vente": true,
        "description": "",
        "ordre_tri": 50,
        "image": "croissant__HLQMm2W.jpg"
    }
},
{
    "model": "produits.produit",
    "pk": 37,
    "fields": {
        "nom": "Croissant non sucr\u00e9",
        "prix": "1.00",
        "categorie": 6,
        "special": false,
        "en_vente": true,
        "description": "",
        "ordre_tri": 60,
        "image": "croissant__pnh3J1P.jpg"
    }
},
{
    "model": "produits.produit",
    "pk": 38,
    "fields": {
        "nom": "Croissant amande",
        "prix": "1.50",
        "categorie": 6,
        "special": false,
        "en_vente": true,
        "description": "",
        "ordre_tri": 70,
        "image": "croissant_amandes_.jpg"
    }
},
{
    "model": "produits.produit",
    "pk": 39,
    "fields": {
        "nom": "Beurre raisin",
        "prix": "1.50",
        "categorie": 6,
        "special": false,
        "en_vente": true,
        "description": "",
        "ordre_tri": 80,
        "image": ""
    }
},
{
    "model": "produits.produit",
    "pk": 40,
    "fields": {
        "nom": "Gosette cerise",
        "prix": "1.50",
        "categorie": 6,
        "special": false,
        "en_vente": true,
        "description": "",
        "ordre_tri": 90,
        "image": "Gosette_.jpg"
    }
},
{
    "model": "produits.produit",
    "pk": 41,
    "fields": {
        "nom": "Gosette pomme",
        "prix": "1.50",
        "categorie": 6,
        "special": false,
        "en_vente": true,
        "description": "",
        "ordre_tri": 100,
        "image": "Gosette__r1wv0RK.jpg"
    }
},
{
    "model": "produits.produit",
    "pk": 42,
    "fields": {
        "nom": "Gosette abricot",
        "prix": "1.50",
        "categorie": 6,
        "special": false,
        "en_vente": true,
        "description": "",
        "ordre_tri": 110,
        "image": "Gosette__7B1psrg.jpg"
    }
},
{
    "model": "produits.produit",
    "pk": 43,
    "fields": {
        "nom": "Coin cerise",
        "prix": "1.50",
        "categorie": 6,
        "special": false,
        "en_vente": true,
        "description": "",
        "ordre_tri": 120,
        "image": "Coin.jpg"
    }
},
{
    "model": "produits.produit",
    "pk": 44,
    "fields": {
        "nom": "Coin pomme",
        "prix": "1.50",
        "categorie": 6,
        "special": false,
        "en_vente": true,
        "description": "",
        "ordre_tri": 130,
        "image": "Coin_wez8Ydp.jpg"
    }
},
{
    "model": "produits.produit",
    "pk": 45,
    "fields": {
        "nom": "Coin abricot",
        "prix": "1.50",
        "categorie": 6,
        "special": false,
        "en_vente": true,
        "description": "",
        "ordre_tri": 140,
        "image": "Coin_dX3e829.jpg"
    }
},
{
    "model": "produits.produit",
    "pk": 46,
    "fields": {
        "nom": "Tortillon",
        "prix": "2.00",
        "categorie": 6,
        "special": false,
        "en_vente": true,
        "description": "",
        "ordre_tri": 150,
        "image": "Tortillon.jpg"
    }
},
{
    "model": "produits.produit",
    "pk": 47,
    "fields": {
        "nom": "Pav\u00e9 choco",
        "prix": "2.50",
        "categorie": 6,
        "special": false,
        "en_vente": true,
        "description": "",
        "ordre_tri": 160,
        "image": ""
    }
},
{
    "model": "produits.produit",
    "pk": 48,
    "fields": {
        "nom": "Pav\u00e9 amandes",
        "prix": "2.50",
        "categorie": 6,
        "special": false,
        "en_vente": true,
        "description": "",
        "ordre_tri": 170,
        "image": ""
    }
},
{
    "model": "produits.produit",
    "pk": 49,
    "fields": {
        "nom": "Boule de Berlin",
        "prix": "2.50",
        "categorie": 6,
        "special": false,
        "en_vente": true,
        "description": "",
        "ordre_tri": 180,
        "image": "Boule_de_Berlin.jpg"
    }
},
{
    "model": "produits.produit",
    "pk": 50,
    "fields": {
        "nom": "Suisse longue",
        "prix": "2.50",
        "categorie": 6,
        "special": false,
        "en_vente": true,
        "description": "",
        "ordre_tri": 190,
        "image": ""
    }
},
{
    "model": "produits.produit",
    "pk": 51,
    "fields": {
        "nom": "Suisse ronde",
        "prix": "2.50",
        "categorie": 6,
        "special": false,
        "en_vente": true,
        "description": "",
        "ordre_tri": 200,
        "image": ""
    }
},
{
    "model": "produits.produit",
    "pk": 52,
    "fields": {
        "nom": "Eclair choco",
        "prix": "2.50",
        "categorie": 6,
        "special": false,
        "en_vente": true,
        "description": "",
        "ordre_tri": 210,
        "image": "eclair_choco.jpg"
    }
},
{
    "model": "produits.produit",
    "pk": 53,
    "fields": {
        "nom": "Glace",
        "prix": "2.50",
        "categorie": 6,
        "special": false,
        "en_vente": true,
        "description": "",
        "ordre_tri": 220,
        "image": "Glace_.jpg"
    }
},
{
    "model": "produits.produit",
    "pk": 54,
    "fields": {
        "nom": "Huit \u00e0 la cr\u00e8me",
        "prix": "3.00",
        "categorie": 6,
        "special": false,
        "en_vente": true,
        "description": "",
        "ordre_tri": 230,
        "image": "huit_\u00e0_la_cr\u00e8me.jpeg"
    }
},
{
    "model": "produits.produit",
    "pk": 55,
    "fields": {
        "nom": "Cornet",
        "prix": "2.50",
        "categorie": 6,
        "special": false,
        "en_vente": true,
        "description": "",
        "ordre_tri": 240,
        "image": "Cornet_.jpg"
    }
},
{
    "model": "produits.produit",
    "pk": 56,
    "fields": {
        "nom": "Merveilleux",
        "prix": "3.00",
        "categorie": 1,
        "special": false,
        "en_vente": true,
        "description": "",
        "ordre_tri": 10,
        "image": "Merveilleux.jpg"
    }
},
{
    "model": "produits.produit",
    "pk": 57,
    "fields": {
        "nom": "Javanais",
        "prix": "3.00",
        "categorie": 1,
        "special": false,
        "en_vente": true,
        "description": "",
        "ordre_tri": 20,
        "image": "javanais_ioLMk6s.jpg"
    }
},
{
    "model": "produits.produit",
    "pk": 58,
    "fields": {
        "nom": "Moka",
        "prix": "3.00",
        "categorie": 1,
        "special": false,
        "en_vente": true,
        "description": "",
        "ordre_tri": 30,
        "image": "Moka.jpg"
    }
},
{
    "model": "produits.produit",
    "pk": 59,
    "fields": {
        "nom": "Linzer abricot",
        "prix": "3.00",
        "categorie": 1,
        "special": false,
        "en_vente": true,
        "description": "",
        "ordre_tri": 40,
        "image": ""
    }
},
{
    "model": "produits.produit",
    "pk": 60,
    "fields": {
        "nom": "Linzer prune",
        "prix": "3.00",
        "categorie": 1,
        "special": false,
        "en_vente": true,
        "description": "",
        "ordre_tri": 50,
        "image": ""
    }
},
{
    "model": "produits.produit",
    "pk": 61,
    "fields": {
        "nom": "Eclair cr\u00e8me fraiche",
        "prix": "3.00",
        "categorie": 1,
        "special": false,
        "en_vente": true,
        "description": "",
        "ordre_tri": 60,
        "image": "\u00e9clair_creme_fraiche.jpg"
    }
},
{
    "model": "produits.produit",
    "pk": 62,
    "fields": {
        "nom": "Choux cr\u00e8me fraiche",
        "prix": "3.00",
        "categorie": 1,
        "special": false,
        "en_vente": true,
        "description": "",
        "ordre_tri": 70,
        "image": "choux.jpg"
    }
},
{
    "model": "produits.produit",
    "pk": 63,
    "fields": {
        "nom": "Tartelette fraise",
        "prix": "3.00",
        "categorie": 1,
        "special": false,
        "en_vente": true,
        "description": "",
        "ordre_tri": 80,
        "image": "tartelette_fraise.jpg"
    }
},
{
    "model": "produits.produit",
    "pk": 64,
    "fields": {
        "nom": "Tartelette framboise",
        "prix": "3.00",
        "categorie": 1,
        "special": false,
        "en_vente": true,
        "description": "",
        "ordre_tri": 90,
        "image": "tartelette_framboise.jpg"
    }
},
{
    "model": "produits.produit",
    "pk": 65,
    "fields": {
        "nom": "Tartelette Fruit",
        "prix": "3.00",
        "categorie": 1,
        "special": false,
        "en_vente": true,
        "description": "",
        "ordre_tri": 90,
        "image": "tartelette_fruit.jpg"
    }
},
{
    "model": "produits.produit",
    "pk": 66,
    "fields": {
        "nom": "Moka pralin\u00e9",
        "prix": "3.00",
        "categorie": 1,
        "special": false,
        "en_vente": true,
        "description": "",
        "ordre_tri": 110,
        "image": "Moka_r4pa8Q4.jpg"
    }
},
{
    "model": "produits.produit",
    "pk": 67,
    "fields": {
        "nom": "Saint honor\u00e9",
        "prix": "3.00",
        "categorie": 1,
        "special": false,
        "en_vente": true,
        "description": "",
        "ordre_tri": 120,
        "image": "saint_hono\u00e9r.jpg"
    }
},
{
    "model": "produits.produit",
    "pk": 68,
    "fields": {
        "nom": "Cygne",
        "prix": "3.00",
        "categorie": 1,
        "special": false,
        "en_vente": true,
        "description": "",
        "ordre_tri": 130,
        "image": "Cygne.jpg"
    }
},
{
    "model": "produits.produit",
    "pk": 69,
    "fields": {
        "nom": "Sucre Blanc",
        "prix": "7.00",
        "categorie": 7,
        "special": false,
        "en_vente": true,
        "description": "",
        "ordre_tri": 10,
        "image": ""
    }
},
{
    "model": "produits.produit",
    "pk": 70,
    "fields": {
        "nom": "Sucre Brune",
        "prix": "7.00",
        "categorie": 7,
        "special": false,
        "en_vente": true,
        "description": "",
        "ordre_tri": 20,
        "image": ""
    }
},
{
    "model": "produits.produit",
    "pk": 71,
    "fields": {
        "nom": "Fromage",
        "prix": "7.00",
        "categorie": 7,
        "special": false,
        "en_vente": true,
        "description": "",
        "ordre_tri": 30,
        "image": "tarte_fromage_.jpg"
    }
},
{
    "model": "produits.produit",
    "pk": 72,
    "fields": {
        "nom": "Riz",
        "prix": "7.00",
        "categorie": 7,
        "special": false,
        "en_vente": true,
        "description": "",
        "ordre_tri": 40,
        "image": "tarte_au_riz.jpg"
    }
},
{
    "model": "produits.produit",
    "pk": 73,
    "fields": {
        "nom": "2 Fruits",
        "prix": "7.00",
        "categorie": 7,
        "special": false,
        "en_vente": true,
        "description": "",
        "ordre_tri": 50,
        "image": "tarte_aux_fruit.jpg"
    }
},
{
    "model": "produits.produit",
    "pk": 74,
    "fields": {
        "nom": "4 Fruits",
        "prix": "7.00",
        "categorie": 7,
        "special": false,
        "en_vente": true,
        "description": "",
        "ordre_tri": 60,
        "image": "tarte_aux_fruit_DkZmQuZ.jpg"
    }
},
{
    "model": "produits.produit",
    "pk": 75,
    "fields": {
        "nom": "Fruits",
        "prix": "7.00",
        "categorie": 7,
        "special": false,
        "en_vente": true,
        "description": "",
        "ordre_tri": 70,
        "image": "tarte_aux_fruit_JvsYW1n.jpg"
    }
},
{
    "model": "produits.produit",
    "pk": 76,
    "fields": {
        "nom": "Passe trei",
        "prix": "7.00",
        "categorie": 7,
        "special": false,
        "en_vente": true,
        "description": "",
        "ordre_tri": 80,
        "image": "passe_trei_UdbKmnk.jpg"
    }
},
{
    "model": "produits.produit",
    "pk": 77,
    "fields": {
        "nom": "Br\u00e9silienne",
        "prix": "12.00",
        "categorie": 7,
        "special": false,
        "en_vente": true,
        "description": "",
        "ordre_tri": 90,
        "image": "bresilienne.jpg"
    }
},
{
    "model": "produits.produit",
    "pk": 78,
    "fields": {
        "nom": "Esquimaux",
        "prix": "12.00",
        "categorie": 7,
        "special": false,
        "en_vente": true,
        "description": "",
        "ordre_tri": 100,
        "image": ""
    }
},
{
    "model": "produits.produit",
    "pk": 79,
    "fields": {
        "nom": "Cro\u00fbte Fraise",
        "prix": "12.00",
        "categorie": 7,
        "special": false,
        "en_vente": true,
        "description": "",
        "ordre_tri": 10,
        "image": "croute_fraise_.jpg"
    }
},
{
    "model": "produits.produit",
    "pk": 80,
    "fields": {
        "nom": "Club",
        "prix": "3.00",
        "categorie": 2,
        "special": false,
        "en_vente": true,
        "description": "",
        "ordre_tri": 10,
        "image": ""
    }
},
{
    "model": "produits.produit",
    "pk": 81,
    "fields": {
        "nom": "Am\u00e9ricain",
        "prix": "3.00",
        "categorie": 2,
        "special": false,
        "en_vente": true,
        "description": "",
        "ordre_tri": 20,
        "image": ""
    }
},
{
    "model": "produits.produit",
    "pk": 82,
    "fields": {
        "nom": "Thon mayonnaise",
        "prix": "3.00",
        "categorie": 2,
        "special": false,
        "en_vente": true,
        "description": "",
        "ordre_tri": 30,
        "image": ""
    }
},
{
    "model": "produits.produit",
    "pk": 83,
    "fields": {
        "nom": "Thon piquant",
        "prix": "3.00",
        "categorie": 2,
        "special": false,
        "en_vente": true,
        "description": "",
        "ordre_tri": 60,
        "image": ""
    }
},
{
    "model": "produits.produit",
    "pk": 84,
    "fields": {
        "nom": "Pitta",
        "prix": "3.00",
        "categorie": 2,
        "special": false,
        "en_vente": true,
        "description": "",
        "ordre_tri": 50,
        "image": ""
    }
},
{
    "model": "produits.produit",
    "pk": 85,
    "fields": {
        "nom": "Pitta piquant",
        "prix": "3.00",
        "categorie": 2,
        "special": false,
        "en_vente": true,
        "description": "",
        "ordre_tri": 60,
        "image": ""
    }
},
{
    "model": "produits.produit",
    "pk": 86,
    "fields": {
        "nom": "Rosette",
        "prix": "3.00",
        "categorie": 2,
        "special": false,
        "en_vente": true,
        "description": "",
        "ordre_tri": 80,
        "image": ""
    }
},
{
    "model": "produits.produit",
    "pk": 87,
    "fields": {
        "nom": "Sicilien",
        "prix": "4.50",
        "categorie": 2,
        "special": true,
        "en_vente": true,
        "description": "",
        "ordre_tri": 90,
        "image": ""
    }
},
{
    "model": "produits.produit",
    "pk": 88,
    "fields": {
        "nom": "Kekebagna",
        "prix": "4.50",
        "categorie": 2,
        "special": true,
        "en_vente": true,
        "description": "",
        "ordre_tri": 90,
        "image": ""
    }
},
{
    "model": "produits.produit",
    "pk": 89,
    "fields": {
        "nom": "Parrain",
        "prix": "4.50",
        "categorie": 2,
        "special": true,
        "en_vente": true,
        "description": "",
        "ordre_tri": 100,
        "image": ""
    }
},
{
    "model": "produits.attribut",
    "pk": 1,
    "fields": {
        "nom": "Ingr\u00e9dient"
    }
},
{
    "model": "produits.attribut",
    "pk": 2,
    "fields": {
        "nom": "Taille tarte"
    }
},
{
    "model": "produits.attribut",
    "pk": 4,
    "fields": {
        "nom": "Poids"
    }
},
{
    "model": "produits.valeur",
    "pk": 1,
    "fields": {
        "attribut": 2,
        "nom": "Petite"
    }
},
{
    "model": "produits.valeur",
    "pk": 3,
    "fields": {
        "attribut": 2,
        "nom": "Grande"
    }
},
{
    "model": "produits.valeur",
    "pk": 7,
    "fields": {
        "attribut": 1,
        "nom": "Jambon"
    }
},
{
    "model": "produits.valeur",
    "pk": 8,
    "fields": {
        "attribut": 1,
        "nom": "Gouda jeune"
    }
},
{
    "model": "produits.valeur",
    "pk": 9,
    "fields": {
        "attribut": 1,
        "nom": "Mayonnaise"
    }
},
{
    "model": "produits.valeur",
    "pk": 12,
    "fields": {
        "attribut": 4,
        "nom": "800g"
    }
},
{
    "model": "produits.valeur",
    "pk": 13,
    "fields": {
        "attribut": 4,
        "nom": "400g"
    }
},
{
    "model": "produits.valeur",
    "pk": 14,
    "fields": {
        "attribut": 1,
        "nom": "Crudit\u00e9"
    }
},
{
    "model": "produits.valeur",
    "pk": 15,
    "fields": {
        "attribut": 1,
        "nom": "Am\u00e9ricain"
    }
},
{
    "model": "produits.valeur",
    "pk": 17,
    "fields": {
        "attribut": 1,
        "nom": "P\u00eache"
    }
},
{
    "model": "produits.valeur",
    "pk": 18,
    "fields": {
        "attribut": 1,
        "nom": "Thon"
    }
},
{
    "model": "produits.valeur",
    "pk": 19,
    "fields": {
        "attribut": 1,
        "nom": "Thon piquant"
    }
},
{
    "model": "produits.valeur",
    "pk": 20,
    "fields": {
        "attribut": 1,
        "nom": "Salade de pitta"
    }
},
{
    "model": "produits.valeur",
    "pk": 21,
    "fields": {
        "attribut": 1,
        "nom": "Salade de pitta piquante"
    }
},
{
    "model": "produits.valeur",
    "pk": 22,
    "fields": {
        "attribut": 1,
        "nom": "Rosette"
    }
},
{
    "model": "produits.valeur",
    "pk": 23,
    "fields": {
        "attribut": 1,
        "nom": "Sauce au choix"
    }
},
{
    "model": "produits.valeur",
    "pk": 24,
    "fields": {
        "attribut": 1,
        "nom": "Jambon de Parme"
    }
},
{
    "model": "produits.valeur",
    "pk": 25,
    "fields": {
        "attribut": 1,
        "nom": "Tomate s\u00e8ch\u00e9e"
    }
},
{
    "model": "produits.valeur",
    "pk": 26,
    "fields": {
        "attribut": 1,
        "nom": "Pesto"
    }
},
{
    "model": "produits.valeur",
    "pk": 27,
    "fields": {
        "attribut": 1,
        "nom": "Mozzarella"
    }
},
{
    "model": "produits.valeur",
    "pk": 28,
    "fields": {
        "attribut": 1,
        "nom": "Ch\u00e8vre"
    }
},
{
    "model": "produits.valeur",
    "pk": 29,
    "fields": {
        "attribut": 1,
        "nom": "Miel"
    }
},
{
    "model": "produits.valeur",
    "pk": 30,
    "fields": {
        "attribut": 1,
        "nom": "Roquette"
    }
},
{
    "model": "produits.valeur",
    "pk": 31,
    "fields": {
        "attribut": 1,
        "nom": "Noix"
    }
},
{
    "model": "produits.valeur",
    "pk": 32,
    "fields": {
        "attribut": 1,
        "nom": "Hamburger"
    }
},
{
    "model": "produits.valeur",
    "pk": 33,
    "fields": {
        "attribut": 1,
        "nom": "Cheddar"
    }
},
{
    "model": "produits.valeur",
    "pk": 34,
    "fields": {
        "attribut": 1,
        "nom": "Tomate"
    }
},
{
    "model": "produits.valeur",
    "pk": 35,
    "fields": {
        "attribut": 1,
        "nom": "Salade"
    }
},
{
    "model": "produits.valeur",
    "pk": 36,
    "fields": {
        "attribut": 1,
        "nom": "Oignon frit"
    }
},
{
    "model": "produits.produitattribut",
    "pk": 1,
    "fields": {
        "produit": 3,
        "attribut": 4
    }
},
{
    "model": "produits.produitattribut",
    "pk": 2,
    "fields": {
        "produit": 4,
        "attribut": 4
    }
},
{
    "model": "produits.produitattribut",
    "pk": 3,
    "fields": {
        "produit": 5,
        "attribut": 4
    }
},
{
    "model": "produits.produitattribut",
    "pk": 4,
    "fields": {
        "produit": 6,
        "attribut": 4
    }
},
{
    "model": "produits.produitattribut",
    "pk": 5,
    "fields": {
        "produit": 7,
        "attribut": 4
    }
},
{
    "model": "produits.produitattribut",
    "pk": 6,
    "fields": {
        "produit": 8,
        "attribut": 4
    }
},
{
    "model": "produits.produitattribut",
    "pk": 7,
    "fields": {
        "produit": 9,
        "attribut": 4
    }
},
{
    "model": "produits.produitattribut",
    "pk": 8,
    "fields": {
        "produit": 10,
        "attribut": 4
    }
},
{
    "model": "produits.produitattribut",
    "pk": 9,
    "fields": {
        "produit": 15,
        "attribut": 4
    }
},
{
    "model": "produits.produitattribut",
    "pk": 10,
    "fields": {
        "produit": 16,
        "attribut": 4
    }
},
{
    "model": "produits.produitattribut",
    "pk": 11,
    "fields": {
        "produit": 69,
        "attribut": 2
    }
},
{
    "model": "produits.produitattribut",
    "pk": 12,
    "fields": {
        "produit": 70,
        "attribut": 2
    }
},
{
    "model": "produits.produitattribut",
    "pk": 13,
    "fields": {
        "produit": 71,
        "attribut": 2
    }
},
{
    "model": "produits.produitattribut",
    "pk": 14,
    "fields": {
        "produit": 72,
        "attribut": 2
    }
},
{
    "model": "produits.produitattribut",
    "pk": 15,
    "fields": {
        "produit": 73,
        "attribut": 2
    }
},
{
    "model": "produits.produitattribut",
    "pk": 16,
    "fields": {
        "produit": 74,
        "attribut": 2
    }
},
{
    "model": "produits.produitattribut",
    "pk": 17,
    "fields": {
        "produit": 75,
        "attribut": 2
    }
},
{
    "model": "produits.produitattribut",
    "pk": 18,
    "fields": {
        "produit": 76,
        "attribut": 2
    }
},
{
    "model": "produits.produitattribut",
    "pk": 19,
    "fields": {
        "produit": 77,
        "attribut": 2
    }
},
{
    "model": "produits.produitattribut",
    "pk": 20,
    "fields": {
        "produit": 78,
        "attribut": 2
    }
},
{
    "model": "produits.produitattribut",
    "pk": 21,
    "fields": {
        "produit": 79,
        "attribut": 2
    }
},
{
    "model": "produits.produitattribut",
    "pk": 22,
    "fields": {
        "produit": 80,
        "attribut": 1
    }
},
{
    "model": "produits.produitattribut",
    "pk": 23,
    "fields": {
        "produit": 81,
        "attribut": 1
    }
},
{
    "model": "produits.produitattribut",
    "pk": 24,
    "fields": {
        "produit": 82,
        "attribut": 1
    }
},
{
    "model": "produits.produitattribut",
    "pk": 25,
    "fields": {
        "produit": 83,
        "attribut": 1
    }
},
{
    "model": "produits.produitattribut",
    "pk": 26,
    "fields": {
        "produit": 84,
        "attribut": 1
    }
},
{
    "model": "produits.produitattribut",
    "pk": 27,
    "fields": {
        "produit": 85,
        "attribut": 1
    }
},
{
    "model": "produits.produitattribut",
    "pk": 28,
    "fields": {
        "produit": 86,
        "attribut": 1
    }
},
{
    "model": "produits.produitattribut",
    "pk": 29,
    "fields": {
        "produit": 87,
        "attribut": 1
    }
},
{
    "model": "produits.produitattribut",
    "pk": 30,
    "fields": {
        "produit": 88,
        "attribut": 1
    }
},
{
    "model": "produits.produitattribut",
    "pk": 31,
    "fields": {
        "produit": 89,
        "attribut": 1
    }
},
{
    "model": "produits.produitattribut",
    "pk": 32,
    "fields": {
        "produit": 86,
        "attribut": 1
    }
},
{
    "model": "produits.produitattribut",
    "pk": 33,
    "fields": {
        "produit": 86,
        "attribut": 1
    }
},
{
    "model": "produits.produitattribut",
    "pk": 34,
    "fields": {
        "produit": 89,
        "attribut": 1
    }
},
{
    "model": "produits.produitattribut",
    "pk": 35,
    "fields": {
        "produit": 89,
        "attribut": 1
    }
},
{
    "model": "produits.produitattribut",
    "pk": 36,
    "fields": {
        "produit": 89,
        "attribut": 1
    }
},
{
    "model": "produits.produitattribut",
    "pk": 37,
    "fields": {
        "produit": 89,
        "attribut": 1
    }
},
{
    "model": "produits.produitattribut",
    "pk": 38,
    "fields": {
        "produit": 89,
        "attribut": 1
    }
},
{
    "model": "produits.produitattribut",
    "pk": 39,
    "fields": {
        "produit": 88,
        "attribut": 1
    }
},
{
    "model": "produits.produitattribut",
    "pk": 40,
    "fields": {
        "produit": 88,
        "attribut": 1
    }
},
{
    "model": "produits.produitattribut",
    "pk": 41,
    "fields": {
        "produit": 88,
        "attribut": 1
    }
},
{
    "model": "produits.produitattribut",
    "pk": 42,
    "fields": {
        "produit": 87,
        "attribut": 1
    }
},
{
    "model": "produits.produitattribut",
    "pk": 43,
    "fields": {
        "produit": 87,
        "attribut": 1
    }
},
{
    "model": "produits.produitattribut",
    "pk": 44,
    "fields": {
        "produit": 87,
        "attribut": 1
    }
},
{
    "model": "produits.produitattribut",
    "pk": 45,
    "fields": {
        "produit": 85,
        "attribut": 1
    }
},
{
    "model": "produits.produitattribut",
    "pk": 46,
    "fields": {
        "produit": 84,
        "attribut": 1
    }
},
{
    "model": "produits.produitattribut",
    "pk": 47,
    "fields": {
        "produit": 83,
        "attribut": 1
    }
},
{
    "model": "produits.produitattribut",
    "pk": 48,
    "fields": {
        "produit": 82,
        "attribut": 1
    }
},
{
    "model": "produits.produitattribut",
    "pk": 49,
    "fields": {
        "produit": 82,
        "attribut": 1
    }
},
{
    "model": "produits.produitattribut",
    "pk": 50,
    "fields": {
        "produit": 81,
        "attribut": 1
    }
},
{
    "model": "produits.produitattribut",
    "pk": 51,
    "fields": {
        "produit": 80,
        "attribut": 1
    }
},
{
    "model": "produits.produitattribut",
    "pk": 52,
    "fields": {
        "produit": 80,
        "attribut": 1
    }
},
{
    "model": "produits.produitattribut",
    "pk": 53,
    "fields": {
        "produit": 80,
        "attribut": 1
    }
},
{
    "model": "produits.produitattributvaleur",
    "pk": 1,
    "fields": {
        "produit_attribut": 1,
        "valeur": 13,
        "prix_extra": "0.00"
    }
},
{
    "model": "produits.produitattributvaleur",
    "pk": 2,
    "fields": {
        "produit_attribut": 2,
        "valeur": 13,
        "prix_extra": "0.00"
    }
},
{
    "model": "produits.produitattributvaleur",
    "pk": 3,
    "fields": {
        "produit_attribut": 2,
        "valeur": 12,
        "prix_extra": "0.65"
    }
},
{
    "model": "produits.produitattributvaleur",
    "pk": 4,
    "fields": {
        "produit_attribut": 1,
        "valeur": 12,
        "prix_extra": "0.65"
    }
},
{
    "model": "produits.produitattributvaleur",
    "pk": 5,
    "fields": {
        "produit_attribut": 3,
        "valeur": 13,
        "prix_extra": "0.00"
    }
},
{
    "model": "produits.produitattributvaleur",
    "pk": 6,
    "fields": {
        "produit_attribut": 3,
        "valeur": 12,
        "prix_extra": "0.65"
    }
},
{
    "model": "produits.produitattributvaleur",
    "pk": 7,
    "fields": {
        "produit_attribut": 4,
        "valeur": 13,
        "prix_extra": "0.00"
    }
},
{
    "model": "produits.produitattributvaleur",
    "pk": 8,
    "fields": {
        "produit_attribut": 4,
        "valeur": 12,
        "prix_extra": "0.65"
    }
},
{
    "model": "produits.produitattributvaleur",
    "pk": 9,
    "fields": {
        "produit_attribut": 5,
        "valeur": 13,
        "prix_extra": "0.00"
    }
},
{
    "model": "produits.produitattributvaleur",
    "pk": 10,
    "fields": {
        "produit_attribut": 5,
        "valeur": 12,
        "prix_extra": "0.65"
    }
},
{
    "model": "produits.produitattributvaleur",
    "pk": 11,
    "fields": {
        "produit_attribut": 6,
        "valeur": 13,
        "prix_extra": "0.00"
    }
},
{
    "model": "produits.produitattributvaleur",
    "pk": 12,
    "fields": {
        "produit_attribut": 6,
        "valeur": 12,
        "prix_extra": "0.65"
    }
},
{
    "model": "produits.produitattributvaleur",
    "pk": 13,
    "fields": {
        "produit_attribut": 7,
        "valeur": 13,
        "prix_extra": "0.00"
    }
},
{
    "model": "produits.produitattributvaleur",
    "pk": 14,
    "fields": {
        "produit_attribut": 7,
        "valeur": 12,
        "prix_extra": "0.65"
    }
},
{
    "model": "produits.produitattributvaleur",
    "pk": 15,
    "fields": {
        "produit_attribut": 8,
        "valeur": 13,
        "prix_extra": "0.00"
    }
},
{
    "model": "produits.produitattributvaleur",
    "pk": 16,
    "fields": {
        "produit_attribut": 8,
        "valeur": 12,
        "prix_extra": "0.65"
    }
},
{
    "model": "produits.produitattributvaleur",
    "pk": 17,
    "fields": {
        "produit_attribut": 9,
        "valeur": 13,
        "prix_extra": "0.00"
    }
},
{
    "model": "produits.produitattributvaleur",
    "pk": 18,
    "fields": {
        "produit_attribut": 9,
        "valeur": 12,
        "prix_extra": "0.65"
    }
},
{
    "model": "produits.produitattributvaleur",
    "pk": 19,
    "fields": {
        "produit_attribut": 10,
        "valeur": 12,
        "prix_extra": "0.00"
    }
},
{
    "model": "produits.produitattributvaleur",
    "pk": 20,
    "fields": {
        "produit_attribut": 11,
        "valeur": 1,
        "prix_extra": "0.00"
    }
},
{
    "model": "produits.produitattributvaleur",
    "pk": 21,
    "fields": {
        "produit_attribut": 11,
        "valeur": 3,
        "prix_extra": "3.00"
    }
},
{
    "model": "produits.produitattributvaleur",
    "pk": 22,
    "fields": {
        "produit_attribut": 12,
        "valeur": 1,
        "prix_extra": "0.00"
    }
},
{
    "model": "produits.produitattributvaleur",
    "pk": 23,
    "fields": {
        "produit_attribut": 12,
        "valeur": 3,
        "prix_extra": "3.00"
    }
},
{
    "model": "produits.produitattributvaleur",
    "pk": 24,
    "fields": {
        "produit_attribut": 13,
        "valeur": 1,
        "prix_extra": "0.00"
    }
},
{
    "model": "produits.produitattributvaleur",
    "pk": 25,
    "fields": {
        "produit_attribut": 13,
        "valeur": 3,
        "prix_extra": "3.00"
    }
},
{
    "model": "produits.produitattributvaleur",
    "pk": 26,
    "fields": {
        "produit_attribut": 14,
        "valeur": 1,
        "prix_extra": "0.00"
    }
},
{
    "model": "produits.produitattributvaleur",
    "pk": 27,
    "fields": {
        "produit_attribut": 14,
        "valeur": 3,
        "prix_extra": "3.00"
    }
},
{
    "model": "produits.produitattributvaleur",
    "pk": 28,
    "fields": {
        "produit_attribut": 15,
        "valeur": 1,
        "prix_extra": "0.00"
    }
},
{
    "model": "produits.produitattributvaleur",
    "pk": 29,
    "fields": {
        "produit_attribut": 15,
        "valeur": 3,
        "prix_extra": "3.00"
    }
},
{
    "model": "produits.produitattributvaleur",
    "pk": 30,
    "fields": {
        "produit_attribut": 16,
        "valeur": 1,
        "prix_extra": "0.00"
    }
},
{
    "model": "produits.produitattributvaleur",
    "pk": 31,
    "fields": {
        "produit_attribut": 16,
        "valeur": 3,
        "prix_extra": "3.00"
    }
},
{
    "model": "produits.produitattributvaleur",
    "pk": 32,
    "fields": {
        "produit_attribut": 17,
        "valeur": 3,
        "prix_extra": "0.00"
    }
},
{
    "model": "produits.produitattributvaleur",
    "pk": 33,
    "fields": {
        "produit_attribut": 17,
        "valeur": 1,
        "prix_extra": "3.00"
    }
},
{
    "model": "produits.produitattributvaleur",
    "pk": 34,
    "fields": {
        "produit_attribut": 18,
        "valeur": 1,
        "prix_extra": "0.00"
    }
},
{
    "model": "produits.produitattributvaleur",
    "pk": 35,
    "fields": {
        "produit_attribut": 18,
        "valeur": 3,
        "prix_extra": "3.00"
    }
},
{
    "model": "produits.produitattributvaleur",
    "pk": 36,
    "fields": {
        "produit_attribut": 19,
        "valeur": 1,
        "prix_extra": "0.00"
    }
},
{
    "model": "produits.produitattributvaleur",
    "pk": 37,
    "fields": {
        "produit_attribut": 19,
        "valeur": 3,
        "prix_extra": "3.00"
    }
},
{
    "model": "produits.produitattributvaleur",
    "pk": 38,
    "fields": {
        "produit_attribut": 20,
        "valeur": 1,
        "prix_extra": "0.00"
    }
},
{
    "model": "produits.produitattributvaleur",
    "pk": 39,
    "fields": {
        "produit_attribut": 20,
        "valeur": 3,
        "prix_extra": "3.00"
    }
},
{
    "model": "produits.produitattributvaleur",
    "pk": 40,
    "fields": {
        "produit_attribut": 21,
        "valeur": 1,
        "prix_extra": "0.00"
    }
},
{
    "model": "produits.produitattributvaleur",
    "pk": 41,
    "fields": {
        "produit_attribut": 21,
        "valeur": 3,
        "prix_extra": "3.00"
    }
},
{
    "model": "produits.produitattributvaleur",
    "pk": 42,
    "fields": {
        "produit_attribut": 22,
        "valeur": 7,
        "prix_extra": "0.00"
    }
},
{
    "model": "produits.produitattributvaleur",
    "pk": 47,
    "fields": {
        "produit_attribut": 23,
        "valeur": 15,
        "prix_extra": "0.00"
    }
},
{
    "model": "produits.produitattributvaleur",
    "pk": 50,
    "fields": {
        "produit_attribut": 24,
        "valeur": 18,
        "prix_extra": "0.00"
    }
},
{
    "model": "produits.produitattributvaleur",
    "pk": 52,
    "fields": {
        "produit_attribut": 25,
        "valeur": 19,
        "prix_extra": "0.00"
    }
},
{
    "model": "produits.produitattributvaleur",
    "pk": 53,
    "fields": {
        "produit_attribut": 26,
        "valeur": 20,
        "prix_extra": "0.00"
    }
},
{
    "model": "produits.produitattributvaleur",
    "pk": 55,
    "fields": {
        "produit_attribut": 27,
        "valeur": 21,
        "prix_extra": "0.00"
    }
},
{
    "model": "produits.produitattributvaleur",
    "pk": 57,
    "fields": {
        "produit_attribut": 28,
        "valeur": 22,
        "prix_extra": "0.00"
    }
},
{
    "model": "produits.produitattributvaleur",
    "pk": 60,
    "fields": {
        "produit_attribut": 29,
        "valeur": 24,
        "prix_extra": "0.00"
    }
},
{
    "model": "produits.produitattributvaleur",
    "pk": 64,
    "fields": {
        "produit_attribut": 30,
        "valeur": 28,
        "prix_extra": "0.00"
    }
},
{
    "model": "produits.produitattributvaleur",
    "pk": 68,
    "fields": {
        "produit_attribut": 31,
        "valeur": 32,
        "prix_extra": "0.00"
    }
},
{
    "model": "produits.produitattributvaleur",
    "pk": 74,
    "fields": {
        "produit_attribut": 32,
        "valeur": 14,
        "prix_extra": "0.00"
    }
},
{
    "model": "produits.produitattributvaleur",
    "pk": 75,
    "fields": {
        "produit_attribut": 33,
        "valeur": 23,
        "prix_extra": "0.00"
    }
},
{
    "model": "produits.produitattributvaleur",
    "pk": 76,
    "fields": {
        "produit_attribut": 34,
        "valeur": 33,
        "prix_extra": "0.00"
    }
},
{
    "model": "produits.produitattributvaleur",
    "pk": 77,
    "fields": {
        "produit_attribut": 35,
        "valeur": 35,
        "prix_extra": "0.00"
    }
},
{
    "model": "produits.produitattributvaleur",
    "pk": 78,
    "fields": {
        "produit_attribut": 36,
        "valeur": 36,
        "prix_extra": "0.00"
    }
},
{
    "model": "produits.produitattributvaleur",
    "pk": 79,
    "fields": {
        "produit_attribut": 37,
        "valeur": 34,
        "prix_extra": "0.00"
    }
},
{
    "model": "produits.produitattributvaleur",
    "pk": 80,
    "fields": {
        "produit_attribut": 38,
        "valeur": 23,
        "prix_extra": "0.00"
    }
},
{
    "model": "produits.produitattributvaleur",
    "pk": 81,
    "fields": {
        "produit_attribut": 39,
        "valeur": 29,
        "prix_extra": "0.00"
    }
},
{
    "model": "produits.produitattributvaleur",
    "pk": 82,
    "fields": {
        "produit_attribut": 40,
        "valeur": 30,
        "prix_extra": "0.00"
    }
},
{
    "model": "produits.produitattributvaleur",
    "pk": 83,
    "fields": {
        "produit_attribut": 41,
        "valeur": 31,
        "prix_extra": "0.00"
    }
},
{
    "model": "produits.produitattributvaleur",
    "pk": 84,
    "fields": {
        "produit_attribut": 42,
        "valeur": 25,
        "prix_extra": "0.00"
    }
},
{
    "model": "produits.produitattributvaleur",
    "pk": 85,
    "fields": {
        "produit_attribut": 43,
        "valeur": 27,
        "prix_extra": "0.00"
    }
},
{
    "model": "produits.produitattributvaleur",
    "pk": 86,
    "fields": {
        "produit_attribut": 44,
        "valeur": 26,
        "prix_extra": "0.00"
    }
},
{
    "model": "produits.produitattributvaleur",
    "pk": 87,
    "fields": {
        "produit_attribut": 45,
        "valeur": 14,
        "prix_extra": "0.00"
    }
},
{
    "model": "produits.produitattributvaleur",
    "pk": 88,
    "fields": {
        "produit_attribut": 46,
        "valeur": 14,
        "prix_extra": "0.00"
    }
},
{
    "model": "produits.produitattributvaleur",
    "pk": 89,
    "fields": {
        "produit_attribut": 47,
        "valeur": 14,
        "prix_extra": "0.00"
    }
},
{
    "model": "produits.produitattributvaleur",
    "pk": 90,
    "fields": {
        "produit_attribut": 48,
        "valeur": 17,
        "prix_extra": "0.00"
    }
},
{
    "model": "produits.produitattributvaleur",
    "pk": 91,
    "fields": {
        "produit_attribut": 49,
        "valeur": 9,
        "prix_extra": "0.00"
    }
},
{
    "model": "produits.produitattributvaleur",
    "pk": 92,
    "fields": {
        "produit_attribut": 50,
        "valeur": 14,
        "prix_extra": "0.00"
    }
},
{
    "model": "produits.produitattributvaleur",
    "pk": 93,
    "fields": {
        "produit_attribut": 51,
        "valeur": 8,
        "prix_extra": "0.00"
    }
},
{
    "model": "produits.produitattributvaleur",
    "pk": 94,
    "fields": {
        "produit_attribut": 52,
        "valeur": 14,
        "prix_extra": "0.00"
    }
},
{
    "model": "produits.produitattributvaleur",
    "pk": 95,
    "fields": {
        "produit_attribut": 53,
        "valeur": 9,
        "prix_extra": "0.00"
    }
}
]
